{
    "Agro-forestry areas": 16.130620985010708,
    "Airports": 100.0,
    "Annual crops associated with permanent crops": 66.79661016949153,
    "Bare rock": 100.0,
    "Beaches, dunes, sands": 100.0,
    "Broad-leaved forest": 2.659652333028362,
    "Burnt areas": 100.0,
    "Coastal lagoons": 100.0,
    "Complex cultivation patterns": 4.121638924455826,
    "Coniferous forest": 2.1067961165048543,
    "Construction sites": 100.0,
    "Continuous urban fabric": 45.51162790697674,
    "Discontinuous urban fabric": 7.0,
    "Dump sites": 100.0,
    "Estuaries": 100.0,
    "Fruit trees and berry plantations": 77.43137254901961,
    "Green urban areas": 100.0,
    "Industrial or commercial units": 41.32804232804233,
    "Inland marshes": 83.21052631578948,
    "Intertidal flats": 100.0,
    "Land principally occupied by agriculture, with significant areas of natural vegetation": 3.075394803871625,
    "Mineral extraction sites": 87.88888888888889,
    "Mixed forest": 2.0303030303030303,
    "Moors and heathland": 100.0,
    "Natural grassland": 43.19889502762431,
    "Non-irrigated arable land": 1.886002886002886,
    "Olive groves": 48.079754601226995,
    "Pastures": 4.308560053085601,
    "Peatbogs": 27.985507246376812,
    "Permanently irrigated land": 35.529680365296805,
    "Port areas": 100.0,
    "Rice fields": 86.91208791208791,
    "Road and rail networks and associated land": 100.0,
    "Salines": 100.0,
    "Salt marshes": 100.0,
    "Sclerophyllous vegetation": 42.956043956043956,
    "Sea and ocean": 6.0609002647837595,
    "Sparsely vegetated areas": 100.0,
    "Sport and leisure facilities": 56.971014492753625,
    "Transitional woodland/shrub": 2.4086067319982956,
    "Vineyards": 50.61290322580645,
    "Water bodies": 7.928571428571429,
    "Water courses": 55.33802816901409
}