{
    "Agro-forestry areas": 15.960651289009498,
    "Airports": 100.0,
    "Annual crops associated with permanent crops": 69.2247191011236,
    "Bare rock": 100.0,
    "Beaches, dunes, sands": 100.0,
    "Broad-leaved forest": 2.6247643903146294,
    "Burnt areas": 100.0,
    "Coastal lagoons": 100.0,
    "Complex cultivation patterns": 4.068937550689376,
    "Coniferous forest": 2.0833744449925997,
    "Construction sites": 100.0,
    "Continuous urban fabric": 48.70178926441352,
    "Discontinuous urban fabric": 6.802746566791511,
    "Dump sites": 100.0,
    "Estuaries": 100.0,
    "Fruit trees and berry plantations": 75.4525993883792,
    "Green urban areas": 100.0,
    "Industrial or commercial units": 45.64179104477612,
    "Inland marshes": 87.02816901408451,
    "Intertidal flats": 100.0,
    "Land principally occupied by agriculture, with significant areas of natural vegetation": 2.9450844248066907,
    "Mineral extraction sites": 79.64516129032258,
    "Mixed forest": 1.9481132075471699,
    "Moors and heathland": 100.0,
    "Natural grassland": 43.48398576512456,
    "Non-irrigated arable land": 1.8460837887067396,
    "Olive groves": 42.25259515570934,
    "Pastures": 4.375188131584605,
    "Peatbogs": 29.56234718826406,
    "Permanently irrigated land": 38.682539682539684,
    "Port areas": 100.0,
    "Rice fields": 95.15384615384616,
    "Road and rail networks and associated land": 100.0,
    "Salines": 100.0,
    "Salt marshes": 100.0,
    "Sclerophyllous vegetation": 44.20795660036166,
    "Sea and ocean": 6.344300822561692,
    "Sparsely vegetated areas": 100.0,
    "Sport and leisure facilities": 62.29113924050633,
    "Transitional woodland/shrub": 2.443526170798898,
    "Vineyards": 52.41880341880342,
    "Water bodies": 7.906305664410403,
    "Water courses": 50.65289256198347
}