{
    "mean": [
        439.32135009765625,
        623.2581176757812,
        599.888671875
    ],
    "std": [
        606.1390380859375,
        612.572998046875,
        702.5380249023438
    ]
}