{
    "mean": [
        437.8417663574219,
        622.8858032226562,
        598.264404296875
    ],
    "std": [
        602.388427734375,
        610.1756591796875,
        699.989013671875
    ]
}